{"gain": 0.3302325581395349, "calibration": 1.9069767441860463, "offset": 0.0, "update_interval": 0.01, "split_channels": false, "show_grid": true}